Product_SKU,Product_Category,Product_Description
GGOENEBJ079499,Nest-USA,Nest Learning Thermostat 3rd Gen-USA - Stainless Steel
GGOEGFKQ020399,Office,Google Laptop and Cell Phone Stickers
GGOEGAAB010516,Apparel,Google Men's 100% Cotton Short Sleeve Hero Tee Black
GGOEGBJL013999,Bags,Google Canvas Tote Natural/Navy
GGOEGBMJ013399,Bags,Sport Bag
GGOEGDHC018299,Drinkware,Google 22 oz Water Bottle
GGOEGDHG014499,Drinkware,Google Infuser-Top Water Bottle
GGOEGDWC020199,Drinkware,Engraved Ceramic Google Mug
GGOEGPJR018999,Lifestyle,7&quot; Dog Frisbee
GGOENEBQ078999,Nest-USA,Nest Cam Outdoor Security Camera - USA
GGOEGAAJ073414,Apparel,Google Men's Short Sleeve Hero Tee Heather
GGOEWEBB082699,Waze,Waze Mobile Phone Vent Mount
GGOENEBQ079099,Nest-USA,Nest Protect Smoke + CO White Battery Alarm-USA
GGOEADHB014799,Drinkware,Android Glass Water Bottle with Black Sleeve
GGOEADWQ015699,Drinkware,Android Rise 14 oz Mug
GGOEGAPB058615,Apparel,Google Women's Yoga Jacket Black
GGOEGBJC019999,Bags,Collapsible Shopping Bag
GGOEGHPA002910,Headgear,Google Trucker Hat
GGOEYOBR078599,Fun,YouTube Luggage Tag
GGOEGAAB010517,Apparel,Google Men's 100% Cotton Short Sleeve Hero Tee Black
GGOEYAFB073115,Apparel,YouTube Men's Fleece Hoodie Black
GGOEGAAJ073415,Apparel,Google Men's Short Sleeve Hero Tee Heather
GGOEGBJR018199,Bags,Reusable Shopping Bag
GGOENEBB078899,Nest-USA,Nest Cam Indoor Security Camera - USA
GGOEGOCB017499,Office,Leatherette Journal
GGOEGDHQ015399,Drinkware,26 oz Double Wall Insulated Bottle
GGOEGFKQ020799,Office,Google Doodle Decal
GGOEYFKQ020699,Office,YouTube Custom Decals
GGOEYOLR018699,Office,YouTube Leatherette Notebook Combo
GGOEAAAJ032416,Apparel,Android Men's Short Sleeve Tri-blend Hero Tee Grey
GGOEAAAJ034516,Apparel,Android Men's Vintage Tee
GGOEGAAJ059116,Apparel,Google Men's Short Sleeve Performance Badge Tee Pewter
GGOEGAAQ033916,Apparel,Google Men's Vintage Badge Tee White
GGOEGAFJ036216,Apparel,Google Men's Pullover Hoodie Grey
GGOEGCNB021099,Lifestyle,Seat Pack Organizer
GGOEGOCT019199,Office,Red Spiral Google Notebook
GGOENEBQ079199,Nest-USA,Nest Protect Smoke + CO White Wired Alarm-USA
GGOEGOLC014299,Office,Google Metallic Notebook Set
GGOEGBRA037499,Bags,Waterproof Backpack
GGOEGHGC019799,Lifestyle,Google Sunglasses
GGOEGHGH019699,Lifestyle,Google Sunglasses
GGOEGHGR019499,Lifestyle,Google Sunglasses
GGOEGHGT019599,Lifestyle,Google Sunglasses
GGOEGDWR015799,Drinkware,Red Shine 15 oz Mug
GGOEAFKQ020599,Office,Android Sticker Sheet Ultra Removable
GGOEGAAJ080615,Apparel,Google Men's Bike Short Sleeve Tee Charcoal
GGOEGAAJ080616,Apparel,Google Men's Bike Short Sleeve Tee Charcoal
GGOEGADB057315,Apparel,Google Men's Lightweight Microfleece Jacket Black
GGOEAAEB031614,Apparel,Android Men's 3/4 Sleeve Raglan Henley Black
GGOEGAEC033115,Apparel,Google Men's Long Sleeve Raglan Ocean Blue
GGOEGALP036317,Apparel,Google Women's Long Sleeve Tee Lavender
GGOEGAPJ058013,Apparel,Google Women's 1/4 Zip Jacket Charcoal
GGOEGAFB035816,Apparel,Google Men's  Zip Hoodie
GGOEGAAQ010415,Apparel,Google Men's 100% Cotton Short Sleeve Hero Tee White
GGOEYHPA003510,Headgear,YouTube Trucker Hat
GGOEAKDH019899,Lifestyle,Windup Android
GGOEGDHG082499,Google,Google 25 oz Clear Stainless Steel Bottle
GGOEYAAJ032515,Apparel,YouTube Men's Short Sleeve Hero Tee Charcoal
GGOEYAAJ032517,Apparel,YouTube Men's Short Sleeve Hero Tee Charcoal
GGOEYDHJ019399,Drinkware,24 oz YouTube Sergeant Stripe Bottle
GGOEGDHB072099,Drinkware,Google Insulated Stainless Steel Bottle
GGOEGOCL077699,Notebooks & Journals,Google Hard Cover Journal
GGOEAAEB031617,Apparel,Android Men's 3/4 Sleeve Raglan Henley Black
GGOEAOBH078799,Fun,Android Luggage Tag
GGOEGDHC074099,Drinkware,Google 17oz Stainless Steel Sport Bottle
GGOEGOAQ012899,Office,Ballpoint LED Light Pen
GGOEAOCH014199,Office,Android Journal Book Set
GGOEGGOA017399,Office,Maze Pen
GGOEGOAA017199,Office,Rubber Grip Ballpoint Pen 4 Pack
GGOEGAAQ010413,Apparel,Google Men's 100% Cotton Short Sleeve Hero Tee White
GGOEGAAQ010414,Apparel,Google Men's 100% Cotton Short Sleeve Hero Tee White
GGOEAAYJ068824,Apparel,Android Youth Short Sleeve T-shirt Pewter
GGOEGBRD079699,Backpacks,25L Classic Rucksack
GGOEGAAR010715,Apparel,Google Men's 100% Cotton Short Sleeve Hero Tee Red
GGOEGBFC018799,Bags,Electronics Accessory Pouch
GGOENEBJ081899,Nest-Canada,Nest Learning Thermostat 3rd Gen - CA - Stainless Steel
GGOENEBQ081699,Nest-Canada,Nest Protect Smoke + CO White Battery Alarm - CA
GGOEGKAA019299,Office,Switch Tone Color Crayon Pen
GGOEGALP036315,Apparel,Google Women's Long Sleeve Tee Lavender
GGOEGAAJ032316,Apparel,Google Men's Short Sleeve Hero Tee Charcoal
GGOEGPXC023299,Lifestyle,Google Collapsible Pet Bowl
GGOEGCBQ016499,Housewares,SPF-15 Slim & Slender Lip Balm
GGOEGOAQ020099,Office,Four Color Retractable Pen
GGOEAAWC062450,Apparel,Android Infant Short Sleeve Tee Aqua
GGOEAAXN066328,Apparel,Android Toddler Short Sleeve T-shirt Pink
GGOENEBQ081599,Nest-Canada,Nest Cam Outdoor Security Camera - CA
GGOEGAEC029116,Apparel,Google Women's Short Sleeve Hero Tee Sky Blue
GGOEGAQB036016,Apparel,Google Women's Fleece Hoodie
GGOEGADJ059415,Apparel,Google Men's Microfiber 1/4 Zip Pullover Grey/Black
GGOEWFKA083299,Waze,Waze Mood Ninja Window Decal
GGOEGAFJ036214,Apparel,Google Men's Pullover Hoodie Grey
GGOEGALJ036414,Apparel,Google Women's Tee Grey
GGOEGHPB071610,Apparel,Google Twill Cap
GGOEGOXQ016399,Office,Badge Holder
GGOEYHPB072210,Apparel,YouTube Twill Cap
GGOEGAAL010616,Apparel,Google Men's 100% Cotton Short Sleeve Hero Tee Navy
GGOEGAER029716,Apparel,Google Women's Short Sleeve Hero Tee Red Heather
GGOEGAER029713,Apparel,Google Women's Short Sleeve Hero Tee Red Heather
GGOEAAAJ032415,Apparel,Android Men's Short Sleeve Tri-blend Hero Tee Grey
GGOEWFKA083199,Waze,Waze Mood Original Window Decal
GGOEGBCR024399,Bags,Google Lunch Bag
GGOEGFAQ016699,Drinkware,Bottle Opener Clip
GGOEGFQB013799,Lifestyle,Compact Selfie Stick
GGOEGHPA003010,Headgear,Google Wool Heather Cap Heather/Navy
GGOEAAFB035915,Apparel,Android Men's  Zip Hoodie
GGOEAAEJ035713,Apparel,Android Men's Vintage Tank
GGOEGADB059613,Apparel,Google Men's Quilted Insulated Vest Black
GGOEGAEC033113,Apparel,Google Men's Long Sleeve Raglan Ocean Blue
GGOEGAWH061349,Apparel,Google Onesie Green
GGOEGAWR061149,Apparel,Google Onesie Red
GGOEGBJC014399,Bags,Google Tote Bag
GGOEGHPL003113,Headgear,Google Stretch Fit Hat S/M Navy
GGOEGAPB058215,Apparel,Google Women's Lightweight Microfleece Jacket
GGOEGAQJ058714,Apparel,Google Women's Zip Hoodie Grey
GGOEGAXL065930,Apparel,Google Toddler Raglan Shirt Blue Heather/Navy
GGOEWFKA082999,Waze,Waze Baby on Board Window Decal
GGOEGAWC062850,Apparel,Google Infant Zip Hood Royal Blue
GGOEYDHJ056099,Bottles,22 oz YouTube Bottle Infuser
GGOEYOLR080599,Office,YouTube Notebook and Pen Set
GGOEGOFH020299,Office,Galaxy Screen Cleaning Cloth
GGOEYAAB031816,Apparel,YouTube Men's Short Sleeve Hero Tee Black
GGOEGAAR010714,Apparel,Google Men's 100% Cotton Short Sleeve Hero Tee Red
GGOEGAEQ027913,Apparel,Google Women's Short Sleeve Hero Tee White
GGOEGOAR021999,Office,Color Changing Grip Pen
GGOEGOBG023599,Office,Colored Pencil Set
GGOEGOLC013299,Office,Spiral Notebook and Pen Set
GGOEGALB034115,Apparel,Google Women's Vintage Hero Tee Black
GGOEYAEB091813,Apparel,YouTube Tee Black
GGOENEBQ086799,Nest,Nest Thermostat E - USA
GGOENEBD084799,Nest-USA,Nest Learning Thermostat 3rd Gen-USA - Copper
GGOEGAET090514,Apparel,Google Tee Yellow
GGOEGALJ091014,Apparel,Google Women's Tee Grey
GGOEGDHH087299,Drinkware,Google Thermal Bottle Green
GGOEGAEH090616,Apparel,Google Tee Green
GGOEGAPL087999,Headgear,Google Snapback Navy Cap
GGOEGDHT087199,Drinkware,Google Thermal Bottle Yellow
GGOEGDHC087099,Drinkware,Google Thermal Bottle Blue
GGOEGDHR086999,Drinkware,Google Thermal Bottle Red
GGOENEBQ086499,Nest,Nest Cam IQ - USA
GGOEGAEJ028116,Apparel,Google Women's Short Sleeve Badge Tee Grey
GGOEGAEQ027917,Apparel,Google Women's Short Sleeve Hero Tee White
GGOEGALJ073317,Apparel,Google Women's Short Sleeve Hero Tee Heather
GGOEGDHC015299,Drinkware,23 oz Wide Mouth Sport Bottle
GGOEYOCR078099,Notebooks & Journals,YouTube Spiral Journal with Pen
GGOEGATB060415,Apparel,Google Women's Quilted Insulated Vest Black
GGOEGAAL010615,Apparel,Google Men's 100% Cotton Short Sleeve Hero Tee Navy
GGOEGAEB027814,Apparel,Google Women's Short Sleeve Hero Tee Black
GGOEGAEC029114,Apparel,Google Women's Short Sleeve Hero Tee Sky Blue
GGOEGAER029714,Apparel,Google Women's Short Sleeve Hero Tee Red Heather
GGOEGAYC068324,Apparel,Google Youth Short Sleeve T-shirt Royal Blue
GGOEGAYH068425,Apparel,Google Youth Short Sleeve T-shirt Green
GGOEGFSR022099,Lifestyle,Google Kick Ball
GGOEGADJ056814,Apparel,Google Men's Watershed Full Zip Hoodie Grey
GGOEGALB034116,Apparel,Google Women's Vintage Hero Tee Black
GGOEGADB059614,Apparel,Google Men's Quilted Insulated Vest Black
GGOEGAEJ031314,Apparel,Google Tri-blend Hoodie Grey
GGOEGAAB010515,Apparel,Google Men's 100% Cotton Short Sleeve Hero Tee Black
GGOEGAFB035815,Apparel,Google Men's  Zip Hoodie
GGOEGAEB084514,Apparel,BLM Sweatshirt
GGOEAAEJ035714,Apparel,Android Men's Vintage Tank
GGOEGADC059314,Apparel,Google Men's Airflow 1/4 Zip Pullover Lapis
GGOEYAEA035114,Apparel,YouTube Men's Vintage Henley
GGOEAAWJ062550,Apparel,Android Infant Short Sleeve Tee Pewter
GGOEGALB034113,Apparel,Google Women's Vintage Hero Tee Black
GGOEGALJ057912,Apparel,Google Women's Short Sleeve Performance Tee Charcoal
GGOEGAPB058612,Apparel,Google Women's Yoga Jacket Black
GGOEGPJC019099,Lifestyle,7&quot; Dog Frisbee
GGOEGAEJ028115,Apparel,Google Women's Short Sleeve Badge Tee Grey
GGOEGAPB058214,Apparel,Google Women's Lightweight Microfleece Jacket
GGOEGAAJ059113,Apparel,Google Men's Short Sleeve Performance Badge Tee Pewter
GGOEGAAJ059114,Apparel,Google Men's Short Sleeve Performance Badge Tee Pewter
GGOEWAEA083899,Waze,Waze Dress Socks
GGOEGAAJ032313,Apparel,Google Men's Short Sleeve Hero Tee Charcoal
GGOEGALP034315,Apparel,Google Women's Vintage Hero Tee Lavender
GGOEGFYQ016599,Drinkware,Foam Can and Bottle Cooler
GGOEGOAB022499,Office,Satin Black Ballpoint Pen
GGOEAAAL081114,Apparel,Android Men's Pep Rally Short Sleeve Tee Navy
GGOEGAAH034015,Apparel,Google Men's Vintage Badge Tee Sage
GGOEGADJ059713,Apparel,Google Men's Quilted Insulated Vest Battleship Grey
GGOEGAUC057715,Apparel,Google Women's Performance Golf Polo Blue
GGOEGAAQ010416,Apparel,Google Men's 100% Cotton Short Sleeve Hero Tee White
GGOEYAYR068624,Apparel,YouTube Youth Short Sleeve Tee Red
GGOEYOCR077799,Notebooks & Journals,YouTube Hard Cover Journal
GGOEGAEB084513,Apparel,BLM Sweatshirt
GGOEGOAQ018099,Office,Pen Pencil & Highlighter Set
GGOEACCQ017299,Lifestyle,Android Lunch Kit
GGOEGAAJ032817,Apparel,Google Men's Long & Lean Tee Charcoal
GGOEGAEJ028016,Apparel,Google Women's Short Sleeve Hero Tee Grey
GGOEGALB036515,Apparel,Google Women's Scoop Neck Tee Black
GGOEGOCC077299,Notebooks & Journals,Google RFID Journal
GGOEGHPJ080310,Headgear,Google Blackout Cap
GGOEGHPJ080110,Headgear,Google 5-Panel Cap
GGOEGBRJ037299,Bags,Google Alpine Style Backpack
GGOEGFKA022299,Office,Keyboard DOT Sticker
GGOEGHPJ080010,Headgear,Google French Terry Cap
GGOENEBQ081799,Nest-Canada,Nest Protect Smoke + CO White Wired Alarm - CA
GGOEGOAB021499,Office,Metal Texture Roller Pen
GGOEGAAJ032813,Apparel,Google Men's Long & Lean Tee Charcoal
GGOEGAAJ032814,Apparel,Google Men's Long & Lean Tee Charcoal
GGOEGAAQ033913,Apparel,Google Men's Vintage Badge Tee White
GGOEGAWR061048,Apparel,Google Onesie Red/Graphite
GGOEYAAB031814,Apparel,YouTube Men's Short Sleeve Hero Tee Black
GGOEGAAH034017,Apparel,Google Men's Vintage Badge Tee Sage
GGOEGALQ036615,Apparel,Google Women's Scoop Neck Tee White
GGOEGALQ036616,Apparel,Google Women's Scoop Neck Tee White
GGOENEBQ084699,Nest-USA,Nest Learning Thermostat 3rd Gen-USA - White
GGOEAFKQ020499,Office,8 pc Android Sticker Sheet
GGOENEBQ092299,Nest,Nest Secure Alarm System Starter Pack - USA
GGOEADHH055999,Bottles,22 oz Android Bottle
GGOEGALL074616,Apparel,Google Women's Short Sleeve Badge Tee Navy
GGOEGCVB072399,Lifestyle,Google Executive Umbrella
GGOEGDHR018499,Drinkware,Google 22 oz Water Bottle
GGOEGOAB021699,Office,Google Ballpoint Pen Black
GGOEGADB057316,Apparel,Google Men's Lightweight Microfleece Jacket Black
GGOENEBB081499,Nest-Canada,Nest Cam Indoor Security Camera - CA
GGOEGDHB071999,Drinkware,Google 40 oz Insulated Monster Bottle
GGOEGOCC017599,Office,Recycled Paper Journal Set
GGOEGOCR017899,Office,Recycled Paper Journal Set
GGOEGPJC203399,Lifestyle,Crunch Noise Dog Toy
GGOEGAEC033114,Apparel,Google Men's Long Sleeve Raglan Ocean Blue
GGOEGALJ036417,Apparel,Google Women's Tee Grey
GGOEGAWR061050,Apparel,Google Onesie Red/Graphite
GGOEGAXC065655,Apparel,Google Toddler Hoodie Royal Blue
GGOEGDHJ023099,Drinkware,Insulated Bottle
GGOEGHPB080410,Headgear,Google 5-Panel Snapback Cap
GGOEGOCB078299,Notebooks & Journals,Google Leather Journal-Black
GGOEGOCD078199,Notebooks & Journals,Google Leather Journal-Brown
GGOEADHH073999,Drinkware,Android 17oz Stainless Steel Sport Bottle
GGOEGOAA017099,Office,Ballpoint Stick Pen 4 Pack
GGOEGOAR013099,Office,Google Stylus Pen w/ LED Light
GGOEGADB059615,Apparel,Google Men's Quilted Insulated Vest Black
GGOEGDHQ014899,Drinkware,20 oz Stainless Steel Insulated Tumbler
GGOEGADJ057116,Apparel,Google Men's Performance 1/4 Zip Pullover Heather/Black
GGOEGAPJ058014,Apparel,Google Women's 1/4 Zip Jacket Charcoal
GGOEGAPJ058016,Apparel,Google Women's 1/4 Zip Jacket Charcoal
GGOEGBRJ037399,Bags,Google Rucksack
GGOEAAXC066455,Apparel,Android Toddler Short Sleeve T-shirt Aqua
GGOEGAYH068424,Apparel,Google Youth Short Sleeve T-shirt Green
GGOEGCKQ013199,Lifestyle,1 oz Hand Sanitizer
GGOEGAEC029115,Apparel,Google Women's Short Sleeve Hero Tee Sky Blue
GGOEGAFB035813,Apparel,Google Men's  Zip Hoodie
GGOEGAYR068224,Apparel,Google Youth Short Sleeve Tee Red
GGOEGAYR068225,Apparel,Google Youth Short Sleeve Tee Red
GGOEGAYR068226,Apparel,Google Youth Short Sleeve Tee Red
GGOEGAYR068256,Apparel,Google Youth Short Sleeve Tee Red
GGOEYAYR068625,Apparel,YouTube Youth Short Sleeve Tee Red
GGOEYAYR068626,Apparel,YouTube Youth Short Sleeve Tee Red
GGOEAAXJ066228,Apparel,Android Toddler Short Sleeve T-shirt Pewter
GGOEAAXJ066229,Apparel,Android Toddler Short Sleeve T-shirt Pewter
GGOEAAXJ066230,Apparel,Android Toddler Short Sleeve T-shirt Pewter
GGOEGOAJ021599,Office,Gunmetal Roller Ball Pen
GGOEGDHC022999,Drinkware,Insulated Bottle
GGOEAAAB034917,Apparel,Android BTTF Moonshot Graphic Tee
GGOEGAXR065128,Apparel,Google Toddler Short Sleeve Tee Red
GGOEGBPB021199,Bags,Google Slim Utility Travel Bag
GGOEGAPB057814,Apparel,Women's Performance Full Zip Jacket Black
GGOEAAAB034915,Apparel,Android BTTF Moonshot Graphic Tee
GGOEGALJ036415,Apparel,Google Women's Tee Grey
GGOEGAAB033815,Apparel,Google Men's Vintage Badge Tee Black
GGOEGALP034314,Apparel,Google Women's Vintage Hero Tee Lavender
GGOEGOAC021799,Office,Ballpoint Pen Blue
GGOEYAAJ032514,Apparel,YouTube Men's Short Sleeve Hero Tee Charcoal
GGOEAAEJ033415,Apparel,Android Men's Long Sleeve Badge Crew Tee Heather
GGOEGAPB058614,Apparel,Google Women's Yoga Jacket Black
GGOEGAWC062849,Apparel,Google Infant Zip Hood Royal Blue
GGOEGAWQ062249,Apparel,Google Infant Short Sleeve Tee White
GGOEGBRB013899,Bags,Google Laptop Backpack
GGOEGADJ057113,Apparel,Google Men's Performance 1/4 Zip Pullover Heather/Black
GGOEGATB060213,Apparel,Google Women's 1/4 Zip Performance Pullover Black
GGOEGAAB033814,Apparel,Google Men's Vintage Badge Tee Black
GGOEGAAJ032314,Apparel,Google Men's Short Sleeve Hero Tee Charcoal
GGOEGOBC078699,Fun,Google Luggage Tag
GGOEGALB036514,Apparel,Google Women's Scoop Neck Tee Black
GGOEGAAJ080613,Apparel,Google Men's Bike Short Sleeve Tee Charcoal
GGOEGAAJ080617,Apparel,Google Men's Bike Short Sleeve Tee Charcoal
GGOEGAAJ080614,Apparel,Google Men's Bike Short Sleeve Tee Charcoal
GGOEGALQ034213,Apparel,Google Women's Vintage Hero Tee White
GGOEGAAH034014,Apparel,Google Men's Vintage Badge Tee Sage
GGOEGAAQ033914,Apparel,Google Men's Vintage Badge Tee White
GGOEGAPB057813,Apparel,Women's Performance Full Zip Jacket Black
GGOEGAPB057816,Apparel,Women's Performance Full Zip Jacket Black
GGOEGOCR078499,Notebooks & Journals,Google Spiral Leather Journal
GGOEGADB056614,Apparel,Men's Weatherblock Shell Jacket Black
GGOEAHPA004110,Headgear,Android Wool Heather Cap Heather/Black
GGOEGADJ056815,Apparel,Google Men's Watershed Full Zip Hoodie Grey
GGOEGAAJ032715,Apparel,Google Men's Skater Tee Grey
GGOEYAFB073113,Apparel,YouTube Men's Fleece Hoodie Black
GGOEGAAQ057213,Apparel,Google Men's Colorblock Tee White/Heather
GGOEGADB056714,Apparel,Men's Softshell Jacket Black/Grey
GGOEGAFB035814,Apparel,Google Men's  Zip Hoodie
GGOEGATC060315,Apparel,Google Women's 1/4 Zip Performance Pullover Two-Tone Blue
GGOEGAWQ062250,Apparel,Google Infant Short Sleeve Tee White
GGOEGALQ036613,Apparel,Google Women's Scoop Neck Tee White
GGOEAAAB081013,Apparel,Android Men's Outerstellar Short Sleeve Tee Black
GGOEAAAH083313,Android,Android Men's Paradise Short Sleeve Tee Olive
GGOEGAPB058613,Apparel,Google Women's Yoga Jacket Black
GGOEGBRC021399,Lifestyle,Yoga Mat Blue
GGOEAAEJ030914,Apparel,Android Women's Long Sleeve Blended Cardigan Grey
GGOEGAAJ057013,Apparel,Google Men's Short Sleeve Performance Badge Tee Charcoal
GGOEGAAQ033915,Apparel,Google Men's Vintage Badge Tee White
GGOEAAEJ035715,Apparel,Android Men's Vintage Tank
GGOEGAPB057514,Apparel,Women's Weatherblock Shell Jacket Black
GGOEGBPB081999,Accessories,UpCycled Bike Saddle Bag
GGOEGAEB084515,Apparel,BLM Sweatshirt
GGOEGALB034117,Apparel,Google Women's Vintage Hero Tee Black
GGOEGALJ072917,Apparel,Google Women's Performance Hero Tee Gunmetal
GGOEGALB034114,Apparel,Google Women's Vintage Hero Tee Black
GGOEGAAL010614,Apparel,Google Men's 100% Cotton Short Sleeve Hero Tee Navy
GGOEGAEB027815,Apparel,Google Women's Short Sleeve Hero Tee Black
GGOEGADB056616,Apparel,Men's Weatherblock Shell Jacket Black
GGOEYAAJ033015,Apparel,YouTube Men's Skater Tee Charcoal
GGOENEBQ092399,Nest,Nest Cam IQ Outdoor - USA (Preorder)
GGOEAAAL081113,Apparel,Android Men's Pep Rally Short Sleeve Tee Navy
GGOEGAAR010717,Apparel,Google Men's 100% Cotton Short Sleeve Hero Tee Red
GGOEGADJ056818,Apparel,Google Men's Watershed Full Zip Hoodie Grey
GGOEGADJ059718,Apparel,Google Men's Quilted Insulated Vest Battleship Grey
GGOEGALJ036413,Apparel,Google Women's Tee Grey
GGOEGAWR061049,Apparel,Google Onesie Red/Graphite
GGOEGAWR061849,Apparel,Google Infant Short Sleeve Tee Red
GGOEGDHR082199,Drinkware,Google 25 oz Red Stainless Steel Bottle
GGOEYAAQ031717,Apparel,YouTube Men's Short Sleeve Hero Tee  White
GGOEGAEJ030815,Apparel,Google Women's Long Sleeve Blended Cardigan Charcoal
GGOEAFKA087499,Accessories,Android Small Removable Sticker Sheet
GGOEGFKA086699,Accessories,Google Emoji Sticker Pack
GGOEGAAC035017,Apparel,Google Men's Bayside Graphic Tee
GGOEGALJ073316,Apparel,Google Women's Short Sleeve Hero Tee Heather
GGOEGOCL087799,Office,Google Large Standard Journal Navy
GGOEGAAB010513,Apparel,Google Men's 100% Cotton Short Sleeve Hero Tee Black
GGOEGAEC090713,Apparel,Google Tee Blue
GGOEGAEC090714,Apparel,Google Tee Blue
GGOEGAEH090613,Apparel,Google Tee Green
GGOEGAEH090617,Apparel,Google Tee Green
GGOEGAEC029117,Apparel,Google Women's Short Sleeve Hero Tee Sky Blue
GGOEGALJ091013,Apparel,Google Women's Tee Grey
GGOEGAEL091318,Apparel,Google Crew Sweater Navy
GGOEGAPB087899,Headgear,Google Snapback Black Cap
GGOEGAEC090715,Apparel,Google Tee Blue
GGOEGAEH090614,Apparel,Google Tee Green
GGOEAAAB081017,Apparel,Android Men's Outerstellar Short Sleeve Tee Black
GGOEGAEC090717,Apparel,Google Tee Blue
GGOEGAXB089255,Apparel,Google Trike Tee Black
GGOEGAEC090716,Apparel,Google Tee Blue
GGOEGAEH090618,Apparel,Google Tee Green
GGOENEBQ093499,Nest,Nest Detect - USA
GGOEGGCX056299,Gift Cards,Gift Card - $25.00
GGOEGAXB089229,Apparel,Google Trike Tee Black
GGOEGAWH062050,Apparel,Google Infant Short Sleeve Tee Green
GGOEGAXJ065728,Apparel,Google Toddler 1/4 Zip Fleece Pewter
GGOEAHPJ074410,Apparel,Android Twill Cap
GGOEGAXC065229,Apparel,Google Toddler Short Sleeve T-shirt Royal Blue
GGOEGAXL065929,Apparel,Google Toddler Raglan Shirt Blue Heather/Navy
GGOEYAXR066129,Apparel,You Tube Toddler Short Sleeve Tee Red
GGOEGAWQ062953,Apparel,Google Baby Essentials Set
GGOEGAEJ035314,Apparel,Google Vintage Henley Grey/Black
GGOEGAER035514,Apparel,Google Men's Vintage Tank
GGOEGADJ056816,Apparel,Google Men's Watershed Full Zip Hoodie Grey
GGOEGAAB058917,Apparel,Google Men's Short Sleeve Performance Badge Tee Black
GGOEGATB060417,Apparel,Google Women's Quilted Insulated Vest Black
GGOEGAFJ036213,Apparel,Google Men's Pullover Hoodie Grey
GGOEGALP034313,Apparel,Google Women's Vintage Hero Tee Lavender
GGOEWCKQ085457,Accessories,Waze Pack of 9 Decal Set
GGOEGAAQ057214,Apparel,Google Men's Colorblock Tee White/Heather
GGOEGADJ059814,Apparel,Google Men's Convertible Vest-Jacket Pewter
GGOEGAAJ032716,Apparel,Google Men's Skater Tee Grey
GGOEGAAJ059115,Apparel,Google Men's Short Sleeve Performance Badge Tee Pewter
GGOEGAEJ028113,Apparel,Google Women's Short Sleeve Badge Tee Grey
GGOEGALQ034214,Apparel,Google Women's Vintage Hero Tee White
GGOEGAAJ073416,Apparel,Google Men's Short Sleeve Hero Tee Heather
GGOEGALB036513,Apparel,Google Women's Scoop Neck Tee Black
GGOEGADB056916,Apparel,Google Men's Performance Full Zip Jacket Black
GGOEGAER029715,Apparel,Google Women's Short Sleeve Hero Tee Red Heather
GGOEGAER029717,Apparel,Google Women's Short Sleeve Hero Tee Red Heather
GGOEGALQ036617,Apparel,Google Women's Scoop Neck Tee White
GGOEAAEH035214,Apparel,Android Men's Vintage Henley
GGOEAAAJ032913,Apparel,Android Men's Long & Lean Badge Tee Charcoal
GGOEGAAJ032317,Apparel,Google Men's Short Sleeve Hero Tee Charcoal
GGOEAAAJ031913,Apparel,Android Men's Short Sleeve Hero Tee Heather
GGOEAAAJ031915,Apparel,Android Men's Short Sleeve Hero Tee Heather
GGOEGAWC061948,Apparel,Google Infant Short Sleeve Tee Royal Blue
GGOEGADC059316,Apparel,Google Men's Airflow 1/4 Zip Pullover Lapis
GGOEGOCC077999,Notebooks & Journals,Google Spiral Journal with Pen
GGOEYAEB035616,Apparel,YouTube Men's Vintage Tank
GGOEGAEJ028014,Apparel,Google Women's Short Sleeve Hero Tee Grey
GGOEGAEJ028015,Apparel,Google Women's Short Sleeve Hero Tee Grey
GGOEGADB056618,Apparel,Men's Weatherblock Shell Jacket Black
GGOEGAXR065130,Apparel,Google Toddler Short Sleeve Tee Red
GGOEGCKQ084999,Accessories,Emoji Sticker Sheet
GGOEGAEC090718,Apparel,Google Tee Blue
GGOEGAXJ065755,Apparel,Google Toddler 1/4 Zip Fleece Pewter
GGOEGAXL065928,Apparel,Google Toddler Raglan Shirt Blue Heather/Navy
GGOEGAXL065955,Apparel,Google Toddler Raglan Shirt Blue Heather/Navy
GGOEAAAB034914,Apparel,Android BTTF Moonshot Graphic Tee
GGOEAAAJ032414,Apparel,Android Men's Short Sleeve Tri-blend Hero Tee Grey
GGOEGOAB016099,Office,Leather and Metal Ballpoint Pen
GGOEGCMB020932,Bags,Suitcase Organizer Cubes
GGOEAAEH035215,Apparel,Android Men's Vintage Henley
GGOEGAAR010716,Apparel,Google Men's 100% Cotton Short Sleeve Hero Tee Red
GGOEGAAJ057015,Apparel,Google Men's Short Sleeve Performance Badge Tee Charcoal
GGOEYAQB073215,Apparel,YouTube Women's Fleece Hoodie Black
GGOEGBMB073799,Bags,Google Zipper-front Sports Bag
GGOEYAFB073114,Apparel,YouTube Men's Fleece Hoodie Black
GGOEGADJ059714,Apparel,Google Men's Quilted Insulated Vest Battleship Grey
GGOEYAEJ033516,Apparel,YouTube Men's Long Sleeve Pullover Badge Tee Heather
GGOEGAER035515,Apparel,Google Men's Vintage Tank
GGOEGAEL091314,Apparel,Google Crew Sweater Navy
GGOEGAEL091315,Apparel,Google Crew Sweater Navy
GGOEGADJ059413,Apparel,Google Men's Microfiber 1/4 Zip Pullover Grey/Black
GGOEGALL074615,Apparel,Google Women's Short Sleeve Badge Tee Navy
GGOEGAXC065255,Apparel,Google Toddler Short Sleeve T-shirt Royal Blue
GGOEGAXH065330,Apparel,Google Toddler Short Sleeve T-shirt Green
GGOEAHPJ004314,Headgear,Android Stretch Fit Hat M/L
GGOEYHPA003610,Headgear,YouTube Wool Heather Cap Heather/Black
GGOEGAPB058216,Apparel,Google Women's Lightweight Microfleece Jacket
GGOEGDHC082299,Drinkware,Google 25 oz Blue Stainless Steel Bottle
GGOEGAAL059014,Apparel,Google Men's Short Sleeve Performance Badge Tee Navy
GGOEGAAB010514,Apparel,Google Men's 100% Cotton Short Sleeve Hero Tee Black
GGOEGAAC032113,Apparel,Google Men's Short Sleeve Hero Tee Light Blue
GGOEAAAJ031914,Apparel,Android Men's Short Sleeve Hero Tee Heather
GGOEGALP036314,Apparel,Google Women's Long Sleeve Tee Lavender
GGOEGOGA016299,Office,Grip Highlighter Pen 3 Pack
GGOEGAAJ032617,Apparel,Google Men's Short Sleeve Badge Tee Charcoal
GGOEGAAJ032615,Apparel,Google Men's Short Sleeve Badge Tee Charcoal
GGOEAAAJ032914,Apparel,Android Men's Long & Lean Badge Tee Charcoal
GGOEAAAJ032916,Apparel,Android Men's Long & Lean Badge Tee Charcoal
GGOEAAAJ032917,Apparel,Android Men's Long & Lean Badge Tee Charcoal
GGOEAAEJ030913,Apparel,Android Women's Long Sleeve Blended Cardigan Grey
GGOEAAEJ033413,Apparel,Android Men's Long Sleeve Badge Crew Tee Heather
GGOEGADB056915,Apparel,Google Men's Performance Full Zip Jacket Black
GGOEGAAJ032815,Apparel,Google Men's Long & Lean Tee Charcoal
GGOEGAAJ032816,Apparel,Google Men's Long & Lean Tee Charcoal
GGOEGAAJ057017,Apparel,Google Men's Short Sleeve Performance Badge Tee Charcoal
GGOEGADC059517,Apparel,Google Men's Microfiber 1/4 Zip Pullover Blue/Indigo
GGOEGAEJ028013,Apparel,Google Women's Short Sleeve Hero Tee Grey
GGOEGOAR013599,Office,Ballpoint Stylus Pen
GGOEGAAQ010417,Apparel,Google Men's 100% Cotton Short Sleeve Hero Tee White
GGOEGAEL091316,Apparel,Google Crewneck Sweatshirt Navy
GGOEGAEH090615,Apparel,Google Tee Green
GGOEGAEQ027914,Apparel,Google Women's Short Sleeve Hero Tee White
GGOEGADC059515,Apparel,Google Men's Microfiber 1/4 Zip Pullover Blue/Indigo
GGOEGADB056615,Apparel,Men's Weatherblock Shell Jacket Black
GGOEGAFJ036215,Apparel,Google Men's Pullover Hoodie Grey
GGOEGAXC065228,Apparel,Google Toddler Short Sleeve T-shirt Royal Blue
GGOEGAXQ067129,Apparel,Google Toddler Short Sleeve Tee White
GGOEGAYC068356,Apparel,Google Youth Short Sleeve T-shirt Royal Blue
GGOEGAYH067956,Apparel,Google Youth Girl Tee Green
GGOEGAYQ069056,Apparel,Google Youth Short Sleeve Tee White
GGOEGALP036316,Apparel,Google Women's Long Sleeve Tee Lavender
GGOEGAAJ057016,Apparel,Google Men's Short Sleeve Performance Badge Tee Charcoal
GGOEYAEA035115,Apparel,YouTube Men's Vintage Henley
GGOEGAAJ032714,Apparel,Google Men's Skater Tee Grey
GGOEGALJ073314,Apparel,Google Women's Short Sleeve Hero Tee Heather
GGOENEBB079299,Nest-USA,Nest Protect Smoke + CO Black Battery Alarm-USA
GGOEGAAL010613,Apparel,Google Men's 100% Cotton Short Sleeve Hero Tee Navy
GGOEGAEC029113,Apparel,Google Women's Short Sleeve Hero Tee Sky Blue
GGOEGALQ034217,Apparel,Google Women's Vintage Hero Tee White
GGOEGAWQ062948,Apparel,Google Baby Essentials Set
GGOEGOAR021899,Office,Retractable Ballpoint Pen Red
GGOEGAWR061850,Apparel,Google Infant Short Sleeve Tee Red
GGOEWFKA083099,Waze,Waze Mood Happy Window Decal
GGOEGAEB084516,Apparel,BLM Sweatshirt
GGOEGAXJ065528,Apparel,Google Toddler Short Sleeve T-shirt Grey
GGOEWAAJ082815,Waze,Waze Men's Short Sleeve Tee
GGOEGALJ034413,Apparel,Google Women's Vintage Hero Tee Platinum
GGOEGCBN016899,Lifestyle,Google Pet Feeding Mat
GGOEGAAJ032616,Apparel,Google Men's Short Sleeve Badge Tee Charcoal
GGOEGADC059516,Apparel,Google Men's Microfiber 1/4 Zip Pullover Blue/Indigo
GGOEGAEC033116,Apparel,Google Men's Long Sleeve Raglan Ocean Blue
GGOEGAER029215,Apparel,Google Women's Short Sleeve Badge Tee Red Heather
GGOEGATC060314,Apparel,Google Women's 1/4 Zip Performance Pullover Two-Tone Blue
GGOEAAWT061749,Apparel,Android Onesie Gold
GGOEAAAB034916,Apparel,Android BTTF Moonshot Graphic Tee
GGOEGAEJ031316,Apparel,Google Tri-blend Hoodie Grey
GGOEGGCX056499,Gift Cards,Gift Card - $50.00
GGOEGDHB072199,Drinkware,Google Accent Insulated Stainless Steel Bottle
GGOEGADB059215,Apparel,Google Men's Airflow 1/4 Zip Pullover Black
GGOEGADJ057115,Apparel,Google Men's Performance 1/4 Zip Pullover Heather/Black
GGOEGADJ059715,Apparel,Google Men's Quilted Insulated Vest Battleship Grey
GGOEGBMB073599,More Bags,Google Collapsible Duffel Black
GGOEGOAQ015999,Office,Gel Roller Pen
GGOEGAWH061353,Apparel,Google Onesie Green
GGOEGAEJ031315,Apparel,Google Tri-blend Hoodie Grey
GGOEGADB057318,Apparel,Google Men's Lightweight Microfleece Jacket Black
GGOEGADB059618,Apparel,Google Men's Quilted Insulated Vest Black
GGOEGALJ034414,Apparel,Google Women's Vintage Hero Tee Platinum
GGOEGAPC058814,Apparel,Google Women's Shell Jacket Blue/Black
GGOEAAEJ035716,Apparel,Android Men's Vintage Tank
GGOEGATH060714,Apparel,Google Women's Convertible Vest-Jacket Sea Foam Green
GGOEGATH060715,Apparel,Google Women's Convertible Vest-Jacket Sea Foam Green
GGOEGADB056917,Apparel,Google Men's Performance Full Zip Jacket Black
GGOEAAAJ080814,Apparel,Android Men's Engineer Short Sleeve Tee Charcoal
GGOEGAAB058913,Apparel,Google Men's Short Sleeve Performance Badge Tee Black
GGOEGAAJ032613,Apparel,Google Men's Short Sleeve Badge Tee Charcoal
GGOEGADJ056813,Apparel,Google Men's Watershed Full Zip Hoodie Grey
GGOEGAQB036015,Apparel,Google Women's Fleece Hoodie
GGOEGATB060413,Apparel,Google Women's Quilted Insulated Vest Black
GGOEGATC060313,Apparel,Google Women's 1/4 Zip Performance Pullover Two-Tone Blue
GGOEGCLB020832,Bags,Softsided Travel Pouch Set
GGOEGADJ059416,Apparel,Google Men's Microfiber 1/4 Zip Pullover Grey/Black
GGOEGAER029213,Apparel,Google Women's Short Sleeve Badge Tee Red Heather
GGOEAAXC066430,Apparel,Android Toddler Short Sleeve T-shirt Aqua
GGOEAAXN066330,Apparel,Android Toddler Short Sleeve T-shirt Pink
GGOEAAEB031215,Apparel,Android Heavyweight Long Sleeve Badge Tee Black
GGOEGADB056716,Apparel,Men's Softshell Jacket Black/Grey
GGOEGADB056715,Apparel,Men's Softshell Jacket Black/Grey
GGOEGADB057317,Apparel,Google Men's Lightweight Microfleece Jacket Black
GGOEGGCX056199,Gift Cards,Gift Card- $100.00
GGOEAAFB035914,Apparel,Android Men's  Zip Hoodie
GGOEGAAL059017,Apparel,Google Men's Short Sleeve Performance Badge Tee Navy
GGOEGAUC057714,Apparel,Google Women's Performance Golf Polo Blue
GGOEGAUC057716,Apparel,Google Women's Performance Golf Polo Blue
GGOEYOCR077399,Notebooks & Journals,YouTube RFID Journal
GGOEGAAJ080715,Apparel,Google Men's Around The Block Short Sleeve Tee Ash
GGOEADHH082399,Drinkware,Android 25 oz Green Apple Stainless Steel Bottle
GGOEGAWR061848,Apparel,Google Infant Short Sleeve Tee Red
GGOEGAYT068556,Apparel,Google Youth Short Sleeve T-shirt Yellow
GGOEAAWT061753,Apparel,Android Onesie Gold
GGOEGAEA030414,Apparel,Google Womens 3/4 Sleeve Baseball Raglan Heather/Black
GGOEGAWR061153,Apparel,Google Onesie Red
GGOEWALJ082715,Waze,Waze Women's Short Sleeve Tee
GGOEGAYC068326,Apparel,Google Youth Short Sleeve T-shirt Royal Blue
GGOEGAAB058916,Apparel,Google Men's Short Sleeve Performance Badge Tee Black
GGOEGAAJ032614,Apparel,Google Men's Short Sleeve Badge Tee Charcoal
GGOEGBMC056599,Office,Waterproof Gear Bag
GGOEAAAP081213,Apparel,Android Men's Take Charge Short Sleeve Tee Purple
GGOEYAAJ033013,Apparel,YouTube Men's Long & Lean Tee Charcoal
GGOEGALJ036416,Apparel,Google Women's Tee Grey
GGOEGAXB089228,Apparel,Google Trike Tee Black
GGOEGAEB091115,Apparel,Google Zip Hoodie Black
GGOEGAEB091116,Apparel,Google Zip Hoodie Black
GGOEYAFB073116,Apparel,YouTube Men's Fleece Hoodie Black
GGOEGAAL059015,Apparel,Google Men's Short Sleeve Performance Badge Tee Navy
GGOEGAAJ057014,Apparel,Google Men's Short Sleeve Performance Badge Tee Charcoal
GGOEAAAQ032013,Apparel,Android Men's Short Sleeve Hero Tee White
GGOEGAAJ073413,Apparel,Google Men's Short Sleeve Hero Tee Heather
GGOEAAEH035216,Apparel,Android Men's Vintage Henley
GGOEGAAJ080716,Apparel,Google Men's Around The Block Short Sleeve Tee Ash
GGOEGALQ034216,Apparel,Google Women's Vintage Hero Tee White
GGOEYAWJ061449,Apparel,YouTube Onesie Heather
GGOEYAWJ061450,Apparel,YouTube Onesie Heather
GGOEGPXR023199,Lifestyle,Google Collapsible Pet Bowl
GGOEADHH015499,Drinkware,Android 24 oz Contigo Bottle
GGOEGOAB015899,Office,Rainbow Stylus Pen
GGOEGAAJ073016,Apparel,Google Men's Performance Hero Tee Gunmetal
GGOEYAWJ061453,Apparel,YouTube Onesie Heather
GGOEAAAB081015,Apparel,Android Men's Outerstellar Short Sleeve Tee Black
GGOEAAAB081016,Apparel,Android Men's Outerstellar Short Sleeve Tee Black
GGOEGAHB057415,Apparel,Google Men's Performance Polo Grey/Black
GGOEGCBC016999,Lifestyle,Google Pet Feeding Mat
GGOEGAEJ028114,Apparel,Google Women's Short Sleeve Badge Tee Grey
GGOEAAAC080915,Apparel,Android Lifted Men's Short Sleeve Tee Blue
GGOEGAAJ073015,Apparel,Google Men's Performance Hero Tee Gunmetal
GGOEYAAB031815,Apparel,YouTube Men's Short Sleeve Hero Tee Black
GGOEYAWR062350,Apparel,YouTube Infant Short Sleeve Tee Red
GGOEGAEA030413,Apparel,Google Womens 3/4 Sleeve Baseball Raglan Heather/Black
GGOEYAEJ029013,Apparel,YouTube Women's Short Sleeve Hero Tee Charcoal
GGOEGADJ056817,Apparel,Google Men's Watershed Full Zip Hoodie Grey
GGOEGADB056914,Apparel,Google Men's Performance Full Zip Jacket Black
GGOEGBRB079599,Backpacks,25L Classic Rucksack
GGOEGADC059514,Apparel,Google Men's Microfiber 1/4 Zip Pullover Blue/Indigo
GGOEGAPB058213,Apparel,Google Women's Lightweight Microfleece Jacket
GGOEGAAB058914,Apparel,Google Men's Short Sleeve Performance Badge Tee Black
GGOEGATB060414,Apparel,Google Women's Quilted Insulated Vest Black
GGOEAAFB035913,Apparel,Android Men's  Zip Hoodie
GGOEGAAB033816,Apparel,Google Men's Vintage Badge Tee Black
GGOEGAAB033817,Apparel,Google Men's Vintage Badge Tee Black
GGOEGAAC032114,Apparel,Google Men's Short Sleeve Hero Tee Light Blue
GGOEGAFB035817,Apparel,Google Men's  Zip Hoodie
GGOEGAEA030416,Apparel,Google Womens 3/4 Sleeve Baseball Raglan Heather/Black
GGOEAAAL081117,Apparel,Android Men's Pep Rally Short Sleeve Tee Navy
GGOEYAAB031817,Apparel,YouTube Men's Short Sleeve Hero Tee Black
GGOEWAAJ083514,Waze,Waze Men's Typography Short Sleeve Tee
GGOEGAAC035014,Apparel,Google Men's Bayside Graphic Tee
GGOEGAAJ032315,Apparel,Google Men's Short Sleeve Hero Tee Charcoal
GGOEGAAL010617,Apparel,Google Men's 100% Cotton Short Sleeve Hero Tee Navy
GGOEYAXR066155,Apparel,You Tube Toddler Short Sleeve Tee Red
GGOEYAYR068656,Apparel,YouTube Youth Short Sleeve Tee Red
GGOEAAAC080913,Apparel,Android Lifted Men's Short Sleeve Tee Blue
GGOEAAYC068756,Apparel,Android Youth Short Sleeve T-shirt Aqua
GGOEGAEJ035315,Apparel,Google Vintage Henley Grey/Black
GGOEGAEJ035316,Apparel,Google Vintage Henley Grey/Black
GGOEGBRP037599,Lifestyle,Yoga Mat Purple
GGOEYAEJ029514,Apparel,YouTube Women's Short Sleeve Tri-blend Badge Tee Charcoal
GGOEAAAL081115,Apparel,Android Men's Pep Rally Short Sleeve Tee Navy
GGOEADHJ015599,Drinkware,Android 24 oz Contigo Bottle
GGOEGAFJ036217,Apparel,Google Men's Pullover Hoodie Grey
GGOEGAEJ030715,Apparel,Google Men's 3/4 Sleeve Raglan Henley Grey
GGOEGAAB033813,Apparel,Google Men's Vintage Badge Tee Black
GGOEGHPB003410,Headgear,Google Snapback Hat Black
GGOEYAAJ032513,Apparel,YouTube Men's Short Sleeve Hero Tee Charcoal
GGOEYAAB034613,Apparel,YouTube Men's Vintage Tee
GGOEGDHJ082599,Google,Google 17 oz Double Wall Stainless Steel Insulated Bottle
GGOEYAWR062349,Apparel,YouTube Infant Short Sleeve Tee Red
GGOEGAAC035016,Apparel,Google Men's Bayside Graphic Tee
GGOEGAAR010713,Apparel,Google Men's 100% Cotton Short Sleeve Hero Tee Red
GGOEGAWN062750,Apparel,Google Infant Zip Hood Pink
GGOEGAWR061148,Apparel,Google Onesie Red
GGOEGALQ034215,Apparel,Google Women's Vintage Hero Tee White
GGOEGALH036715,Apparel,Google Women's Scoop Neck Tee Green
GGOEGAWN062749,Apparel,Google Infant Zip Hood Pink
GGOEGAAQ033917,Apparel,Google Men's Vintage Badge Tee White
GGOEGAAQ033918,Apparel,Google Men's Vintage Badge Tee White
GGOEGACB023699,Lifestyle,Yoga Block
GGOEGAEJ031317,Apparel,Google Tri-blend Hoodie Grey
GGOEGAER033217,Apparel,Google Men's Long Sleeve Raglan Cranberry
GGOEGAER035517,Apparel,Google Men's Vintage Tank
GGOEGAXC065630,Apparel,Google Toddler Hoodie Royal Blue
GGOEGAAJ073417,Apparel,Google Men's Short Sleeve Hero Tee Heather
GGOEGAEB031515,Apparel,Google 3/4 Sleeve Raglan Badge Henley Black
GGOEGALH036714,Apparel,Google Women's Scoop Neck Tee Green
GGOEAAAC080916,Apparel,Android Lifted Men's Short Sleeve Tee Blue
GGOEGAER035516,Apparel,Google Men's Vintage Tank
GGOEGAEB027816,Apparel,Google Women's Short Sleeve Hero Tee Black
GGOEGAQB036017,Apparel,Google Women's Fleece Hoodie
GGOEYAEJ029515,Apparel,YouTube Women's Short Sleeve Tri-blend Badge Tee Charcoal
GGOEGAAC035015,Apparel,Google Men's Bayside Graphic Tee
GGOEAAAB034814,Apparel,Android BTTF Cosmos Graphic Tee
GGOEGALQ036614,Apparel,Google Women's Scoop Neck Tee White
GGOEAAWN062648,Apparel,Android Infant Short Sleeve Tee Pink
GGOEGAYQ069025,Apparel,Google Youth Short Sleeve Tee White
GGOEGAEJ033315,Apparel,Google Men's Long Sleeve Pullover Badge Tee Heather
GGOEAAAB034816,Apparel,Android BTTF Cosmos Graphic Tee
GGOEGOAB012999,Office,Ballpoint Pen & Matching Tube Case
GGOEAAEJ033414,Apparel,Android Men's Long Sleeve Badge Crew Tee Heather
GGOEAAWN062649,Apparel,Android Infant Short Sleeve Tee Pink
GGOEGBRB073899,Backpacks,Google Laptop Tech Backpack
GGOEGAPB057815,Apparel,Women's Performance Full Zip Jacket Black
GGOEGAEJ030817,Apparel,Google Women's Long Sleeve Blended Cardigan Charcoal
GGOEGGCX056399,Gift Cards,Gift Card - $250.00
GGOEGAYQ068925,Apparel,Google Youth Girl Hoodie
GGOEAAXC066429,Apparel,Android Toddler Short Sleeve T-shirt Aqua
GGOEGAAL059016,Apparel,Google Men's Short Sleeve Performance Badge Tee Navy
GGOEGAAH034016,Apparel,Google Men's Vintage Badge Tee Sage
GGOEGAEJ030813,Apparel,Google Women's Long Sleeve Blended Cardigan Charcoal
GGOEGAEJ035313,Apparel,Google Vintage Henley Grey/Black
GGOEAAAP081214,Apparel,Android Men's Take Charge Short Sleeve Tee Purple
GGOEGAAC032115,Apparel,Google Men's Short Sleeve Hero Tee Light Blue
GGOEGBJB022599,Bags,Large Zipper Top Tote Bag
GGOEYAAJ032516,Apparel,YouTube Men's Short Sleeve Hero Tee Charcoal
GGOEAAQB036115,Apparel,Android Women's Fleece Hoodie
GGOEGATB060416,Apparel,Google Women's Quilted Insulated Vest Black
GGOEGATJ060513,Apparel,Google Women's Quilted Insulated Vest White
GGOEGADC059315,Apparel,Google Men's Airflow 1/4 Zip Pullover Lapis
GGOEYAEB035615,Apparel,YouTube Men's Vintage Tank
GGOEYAEJ029614,Apparel,YouTube Women's Short Sleeve Tri-blend Badge Tee Grey
GGOEYAWJ061448,Apparel,YouTube Onesie Heather
GGOEAAXN066355,Apparel,Android Toddler Short Sleeve T-shirt Pink
GGOEAAYC068724,Apparel,Android Youth Short Sleeve T-shirt Aqua
GGOEAAYC068725,Apparel,Android Youth Short Sleeve T-shirt Aqua
GGOEAAYC068726,Apparel,Android Youth Short Sleeve T-shirt Aqua
GGOEAAYJ068826,Apparel,Android Youth Short Sleeve T-shirt Pewter
GGOEAAYJ068856,Apparel,Android Youth Short Sleeve T-shirt Pewter
GGOEGAWC062848,Apparel,Google Infant Zip Hood Royal Blue
GGOEGAWH061348,Apparel,Google Onesie Green
GGOEGAWH061350,Apparel,Google Onesie Green
GGOEGAEB027813,Apparel,Google Women's Short Sleeve Hero Tee Black
GGOEYAAJ033014,Apparel,YouTube Men's Long & Lean Tee Charcoal
GGOEYAEJ029616,Apparel,YouTube Women's Short Sleeve Tri-blend Badge Tee Grey
GGOEYAFB073117,Apparel,YouTube Men's Fleece Hoodie Black
GGOEGAXQ067130,Apparel,Google Toddler Short Sleeve Tee White
GGOEGAYQ069024,Apparel,Google Youth Short Sleeve Tee White
GGOEAAFB035917,Apparel,Android Men's  Zip Hoodie
GGOEGAQB036014,Apparel,Google Women's Fleece Hoodie
GGOEAAYJ068825,Apparel,Android Youth Short Sleeve T-shirt Pewter
GGOEGALJ073313,Apparel,Google Women's Short Sleeve Hero Tee Heather
GGOEGAAB058915,Apparel,Google Men's Short Sleeve Performance Badge Tee Black
GGOEGALB059913,Apparel,Google Women's Short Sleeve Performance Tee Black
GGOEGALB059914,Apparel,Google Women's Short Sleeve Performance Tee Black
GGOEGALB059915,Apparel,Google Women's Short Sleeve Performance Tee Black
GGOEGADB057314,Apparel,Google Men's Lightweight Microfleece Jacket Black
GGOEYAQB073213,Apparel,YouTube Women's Fleece Hoodie Black
GGOEGAET090513,Apparel,Google Tee Yellow
GGOEAAEQ091616,Apparel,Android Matrix Tee White
GGOEGAET090515,Apparel,Google Tee Yellow
GGOEGAET090517,Apparel,Google Tee Yellow
GGOEGAAJ080714,Apparel,Google Men's Around The Block Short Sleeve Tee Ash
GGOEWAAJ082816,Waze,Waze Men's Short Sleeve Tee
GGOEAAAH083314,Android,Android Men's Paradise Short Sleeve Tee Olive
GGOEAAAJ032417,Apparel,Android Men's Short Sleeve Tri-blend Hero Tee Grey
GGOEAAXJ066255,Apparel,Android Toddler Short Sleeve T-shirt Pewter
GGOEYAAB031813,Apparel,YouTube Men's Short Sleeve Hero Tee Black
GGOEGAYH067925,Apparel,Google Youth Girl Tee Green
GGOEGADB056617,Apparel,Men's Weatherblock Shell Jacket Black
GGOEGADB056717,Apparel,Men's Softshell Jacket Black/Grey
GGOEYAEJ033514,Apparel,YouTube Men's Long Sleeve Pullover Badge Tee Heather
GGOEGAYQ068956,Apparel,Google Youth Girl Hoodie
GGOEGATB060215,Apparel,Google Women's 1/4 Zip Performance Pullover Black
GGOEAAAP081216,Apparel,Android Men's Take Charge Short Sleeve Tee Purple
GGOEAHPB076114,Apparel,Android Stretch Fit Hat
GGOEGAYB068056,Apparel,Google Youth Baseball Raglan Heather/Black
GGOEGARJ058413,Apparel,Google Women's Yoga Pants
GGOEGHPL003214,Headgear,Google Stretch Fit Hat M/L Navy
GGOEAAEB031216,Apparel,Android Heavyweight Long Sleeve Badge Tee Black
GGOEGAQB036013,Apparel,Google Women's Fleece Hoodie
GGOEGOAC016199,Office,Executive Twist Ballpoint Pen
GGOEGALL074613,Apparel,Google Women's Short Sleeve Badge Tee Navy
GGOEAAAJ080817,Apparel,Android Men's Engineer Short Sleeve Tee Charcoal
GGOEGAXJ065555,Apparel,Google Toddler Short Sleeve T-shirt Grey
GGOEAOCH077899,Notebooks & Journals,Android Spiral Journal with Pen
GGOEGAYB068026,Apparel,Google Youth Baseball Raglan Heather/Black
GGOEGAYQ069026,Apparel,Google Youth Short Sleeve Tee White
GGOEAAWC062448,Apparel,Android Infant Short Sleeve Tee Aqua
GGOEGAER033214,Apparel,Google Men's Long Sleeve Raglan Cranberry
GGOEGADB059616,Apparel,Google Men's Quilted Insulated Vest Black
GGOEGAEQ027915,Apparel,Google Women's Short Sleeve Hero Tee White
GGOEGAEB084517,Apparel,BLM Sweatshirt
GGOEYAEJ029015,Apparel,YouTube Women's Short Sleeve Hero Tee Charcoal
GGOEGADJ057114,Apparel,Google Men's Performance 1/4 Zip Pullover Heather/Black
GGOEGAXC065230,Apparel,Google Toddler Short Sleeve T-shirt Royal Blue
GGOEGAWR061150,Apparel,Google Onesie Red
GGOEGOCD078399,Notebooks & Journals,Google Leather Perforated Journal
GGOEGAXR065129,Apparel,Google Toddler Short Sleeve Tee Red
GGOEGAYB068025,Apparel,Google Youth Baseball Raglan Heather/Black
GGOEGAPJ058015,Apparel,Google Women's 1/4 Zip Jacket Charcoal
GGOEWALJ083415,Waze,Waze Women's Typography Short Sleeve Tee
GGOEGALB036516,Apparel,Google Women's Scoop Neck Tee Black
GGOEGADC059513,Apparel,Google Men's Microfiber 1/4 Zip Pullover Blue/Indigo
GGOEGAPB057616,Apparel,Google Women's Softshell Jacket Black/Grey
GGOEGAPB057614,Apparel,Google Women's Softshell Jacket Black/Grey
GGOEYAEJ029517,Apparel,YouTube Women's Short Sleeve Tri-blend Badge Tee Charcoal
GGOEYAEB091816,Apparel,YouTube Tee Black
GGOEYAEJ092114,Apparel,YouTube 3 lines Tee Grey
GGOEYAEB091815,Apparel,YouTube Tee Black
GGOEYOCB092699,Notebooks & Journals,YouTube Transmission Journal Black
GGOENEBQ086899,Nest,Nest  Thermostat E - CA
GGOEGAEB091114,Apparel,Google Zip Hoodie Black
GGOENEBQ093599,Nest,Nest Tag - USA
GGOEAAEQ091614,Apparel,Android Matrix Tee White
GGOEA0CH077599,Notebooks & Journals,Android Hard Cover Journal
GGOEGAXQ067128,Apparel,Google Toddler Short Sleeve Tee White
GGOEGAWC061249,Apparel,Google Onesie Royal Blue
GGOEYAEB031415,Apparel,YouTube Men's 3/4 Sleeve Henley
GGOEYAEA035113,Apparel,YouTube Men's Vintage Henley
GGOEGAPB057513,Apparel,Women's Weatherblock Shell Jacket Black
GGOEAAAJ080815,Apparel,Android Men's Engineer Short Sleeve Tee Charcoal
GGOEAAXC066428,Apparel,Android Toddler Short Sleeve T-shirt Aqua
GGOEGAEQ027916,Apparel,Google Women's Short Sleeve Hero Tee White
GGOEGBPB082099,Accessories,UpCycled Handlebar Bag
GGOEGAXR066028,Apparel,Google Toddler Sports T-shirt Red
GGOEGALJ060114,Apparel,Google Women's Short Sleeve Performance Tee Pewter
GGOEGAAJ032713,Apparel,Google Men's Long & Lean Tee Grey
GGOEGAAB058918,Apparel,Google Men's Short Sleeve Performance Badge Tee Black
GGOEGOCC017699,Office,Compact Journal with Recycled Pages
GGOEAAWJ062548,Apparel,Android Infant Short Sleeve Tee Pewter
GGOEGADB056718,Apparel,Men's Softshell Jacket Black/Grey
GGOEAFKA087599,Accessories,Android Large Removable Sticker Sheet
GGOEGAEL091313,Apparel,Google Crew Sweater Navy
GGOEAAEB091716,Apparel,Android Tone Hoodie Black
GGOEGAER029214,Apparel,Google Women's Short Sleeve Badge Tee Red Heather
GGOEAAAB081014,Apparel,Android Men's Outerstellar Short Sleeve Tee Black
GGOEGAEJ033314,Apparel,Google Men's Long Sleeve Pullover Badge Tee Heather
GGOEGAUC057713,Apparel,Google Women's Performance Golf Polo Blue
GGOEGAPC058812,Apparel,Google Women's Shell Jacket Blue/Black
GGOEGAPJ058012,Apparel,Google Women's 1/4 Zip Jacket Charcoal
GGOEGAPB057817,Apparel,Women's Performance Full Zip Jacket Black
GGOEWAAJ083516,Waze,Waze Men's Typography Short Sleeve Tee
GGOEWALJ083417,Waze,Waze Women's Typography Short Sleeve Tee
GGOEYAQB073217,Apparel,YouTube Women's Fleece Hoodie Black
GGOEAAAJ080816,Apparel,Android Men's Engineer Short Sleeve Tee Charcoal
GGOEGAXH065329,Apparel,Google Toddler Short Sleeve T-shirt Green
GGOEAAAC080914,Apparel,Android Lifted Men's Short Sleeve Tee Blue
GGOEAHPJ004213,Headgear,Android Stretch Fit Hat S/M
GGOEAAAP081215,Apparel,Android Men's Take Charge Short Sleeve Tee Purple
GGOEAOCB077499,Notebooks & Journals,Android RFID Journal
GGOEGAAC032117,Apparel,Google Men's Short Sleeve Hero Tee Light Blue
GGOEGAEC033117,Apparel,Google Men's Long Sleeve Raglan Ocean Blue
GGOEWAAJ082814,Waze,Waze Men's Short Sleeve Tee
GGOEAAWJ062549,Apparel,Android Infant Short Sleeve Tee Pewter
GGOEGAEL091317,Apparel,Google Crew Sweater Navy
GGOENEBB079399,Nest-USA,Nest Protect Smoke + CO Black Wired Alarm-USA
GGOEGAYQ068924,Apparel,Google Youth Girl Hoodie
GGOEGADB056913,Apparel,Google Men's Performance Full Zip Jacket Black
GGOEYAEJ029513,Apparel,YouTube Women's Short Sleeve Tri-blend Badge Tee Charcoal
GGOEYAEJ029516,Apparel,YouTube Women's Short Sleeve Tri-blend Badge Tee Charcoal
GGOEAAQB036114,Apparel,Android Women's Fleece Hoodie
GGOEYAEJ029613,Apparel,YouTube Women's Short Sleeve Tri-blend Badge Tee Grey
GGOEGAEJ030816,Apparel,Google Women's Long Sleeve Blended Cardigan Charcoal
GGOEAAEB091714,Apparel,Android Tone Hoodie Black
GGOEAAEB091715,Apparel,Android Tone Hoodie Black
GGOEGAYR023499,Lifestyle,Straw Beach Mat
GGOEGAHB057416,Apparel,Google Men's Performance Polo Grey/Black
GGOEYAAB034615,Apparel,YouTube Men's Vintage Tee
GGOEGHPL003315,Headgear,Google Stretch Fit Hat L/XL Navy
GGOEAAAQ032015,Apparel,Android Men's Short Sleeve Hero Tee White
GGOEGAEJ031313,Apparel,Google Tri-blend Hoodie Grey
GGOEGAYH067924,Apparel,Google Youth Girl Tee Green
GGOEAAXN066329,Apparel,Android Toddler Short Sleeve T-shirt Pink
GGOEGAXT065429,Apparel,Google Toddler Short Sleeve T-shirt Yellow
GGOEGAER033213,Apparel,Google Men's Long Sleeve Raglan Cranberry
GGOEGADJ057118,Apparel,Google Men's Performance 1/4 Zip Pullover Heather/Black
GGOEGAWC061250,Apparel,Google Onesie Royal Blue
GGOEGAWC061253,Apparel,Google Onesie Royal Blue
GGOEGAWC061254,Apparel,Google Onesie Royal Blue
GGOEGAAQ057216,Apparel,Google Men's Colorblock Tee White/Heather
GGOEAAAB034815,Apparel,Android BTTF Cosmos Graphic Tee
GGOEAAAH083315,Android,Android Men's Paradise Short Sleeve Tee Olive
GGOEGADC059317,Apparel,Google Men's Airflow 1/4 Zip Pullover Lapis
GGOEGAPB058212,Apparel,Google Women's Lightweight Microfleece Jacket
GGOEYAAQ031713,Apparel,YouTube Men's Short Sleeve Hero Tee White
GGOEGAER033216,Apparel,Google Men's Long Sleeve Raglan Cranberry
GGOEAAEJ030915,Apparel,Android Women's Long Sleeve Blended Cardigan Grey
GGOEYAEB035614,Apparel,YouTube Men's Vintage Tank
GGOEYAAQ031715,Apparel,YouTube Men's Short Sleeve Hero Tee White
GGOEGALJ073315,Apparel,Google Women's Short Sleeve Hero Tee Heather
GGOEAAWT061754,Apparel,Android Onesie Gold
GGOEGALJ034417,Apparel,Google Women's Vintage Hero Tee Platinum
GGOEGALJ072914,Apparel,Google Women's Performance Hero Tee Gunmetal
GGOEGAEJ030814,Apparel,Google Women's Long Sleeve Blended Cardigan Charcoal
GGOEGADB056918,Apparel,Google Men's Performance Full Zip Jacket Black
GGOEGALJ060115,Apparel,Google Women's Short Sleeve Performance Tee Pewter
GGOEAAAJ031917,Apparel,Android Men's Short Sleeve Hero Tee Heather
GGOEGALJ034415,Apparel,Google Women's Vintage Hero Tee Platinum
GGOEGALJ034416,Apparel,Google Women's Vintage Hero Tee Platinum
GGOEGAPB058217,Apparel,Google Women's Lightweight Microfleece Jacket
GGOEGAXR065155,Apparel,Google Toddler Short Sleeve Tee Red
GGOEGAXL089455,Apparel,Google Protector Tee Navy
GGOEWALJ082713,Waze,Waze Women's Short Sleeve Tee
GGOEAAAB034813,Apparel,Android BTTF Cosmos Graphic Tee
GGOEYAEJ092113,Apparel,YouTube 3 lines Tee Grey
GGOEYAEJ092115,Apparel,YouTube 3 lines Tee Grey
GGOEYAEJ092116,Apparel,YouTube 3 lines Tee Grey
GGOEYAEJ092117,Apparel,YouTube 3 lines Tee Grey
GGOEYAEB091812,Apparel,YouTube Tee Black
GGOEYAEB091814,Apparel,YouTube Tee Black
GGOEYAEB091817,Apparel,YouTube Tee Black
GGOEYAWQ089748,Apparel,YouTube Kids Onesie White
GGOEYAWQ089749,Apparel,YouTube Kids Onesie White
GGOEYAWQ089750,Apparel,YouTube Kids Onesie White
GGOEGDWQ087699,Drinkware,Google Hub Mug White
GGOEGDHQ086199,Drinkware,Google White Force 17 oz Bottle
GGOEGDHJ087399,Bags,Google Rolltop Backpack Blue
GGOEAAAP081217,Apparel,Android Men's Take Charge Short Sleeve Tee Purple
GGOEGALL074614,Apparel,Google Women's Short Sleeve Badge Tee Navy
GGOEAALB091513,Apparel,Android Women's Peace Tee Black
GGOEAAEB091717,Apparel,Android Tone Hoodie Black
GGOEGAXC065629,Apparel,Google Toddler Hoodie Royal Blue
GGOEAAWQ063053,Apparel,Android Baby Esssentials Set
GGOEGAXJ065529,Apparel,Google Toddler Short Sleeve T-shirt Grey
GGOEGAXQ067155,Apparel,Google Toddler Short Sleeve Tee White
GGOEGADB059217,Apparel,Google Men's Airflow 1/4 Zip Pullover Black
GGOEGATH060716,Apparel,Google Women's Convertible Vest-Jacket Sea Foam Green
GGOEGADB059214,Apparel,Google Men's Airflow 1/4 Zip Pullover Black
GGOEAAEH035213,Apparel,Android Men's Vintage Henley
GGOEGAEA030415,Apparel,Google Womens 3/4 Sleeve Baseball Raglan Heather/Black
GGOEGAWN062748,Apparel,Google Infant Zip Hood Pink
GGOEGAYH067926,Apparel,Google Youth Girl Tee Green
GGOEGAYL068125,Apparel,Google Youth Sports Tee Navy
GGOEAAWH061548,Apparel,Android Onesie Sprout Green
GGOEGADJ059717,Apparel,Google Men's Quilted Insulated Vest Battleship Grey
GGOEGAAC035013,Apparel,Google Men's Bayside Graphic Tee
GGOEGALP036313,Apparel,Google Women's Long Sleeve Tee Lavender
GGOEGATH060713,Apparel,Google Women's Convertible Vest-Jacket Sea Foam Green
GGOEYAQB073214,Apparel,YouTube Women's Fleece Hoodie Black
GGOEYAQB073216,Apparel,YouTube Women's Fleece Hoodie Black
GGOEAAAJ032413,Apparel,Android Men's Short Sleeve Tri-blend Hero Tee Grey
GGOEGAWQ062949,Apparel,Google Baby Essentials Set
GGOEYAAB034614,Apparel,YouTube Men's Vintage Tee
GGOEYAAB034616,Apparel,YouTube Men's Vintage Tee
GGOEYAAB034617,Apparel,YouTube Men's Vintage Tee
GGOEYAAQ031714,Apparel,YouTube Men's Short Sleeve Hero Tee White
GGOEGATB060214,Apparel,Google Women's 1/4 Zip Performance Pullover Black
GGOEGADC059313,Apparel,Google Men's Airflow 1/4 Zip Pullover Lapis
GGOEGATB060613,Apparel,Google Women's Convertible Vest-Jacket Black
GGOEGATJ060515,Apparel,Google Women's Quilted Insulated Vest White
GGOEGALJ091016,Apparel,Google Women's Tee Grey
GGOEGAAJ032717,Apparel,Google Men's Long & Lean Tee Grey
GGOEGADB059617,Apparel,Google Men's Quilted Insulated Vest Black
GGOEGAAL059018,Apparel,Google Men's Short Sleeve Performance Badge Tee Navy
GGOEAAEJ030916,Apparel,Android Women's Long Sleeve Blended Cardigan Grey
GGOEGAPB058616,Apparel,Google Women's Yoga Jacket Black
GGOEGADB056613,Apparel,Men's Weatherblock Shell Jacket Black
GGOENEBQ086599,Nest,Nest Cam IQ - CA
GGOEAAWT061748,Apparel,Android Onesie Gold
GGOEGAXJ065729,Apparel,Google Toddler 1/4 Zip Fleece Pewter
GGOEGAYB068024,Apparel,Google Youth Baseball Raglan Heather/Black
GGOEWALJ083414,Waze,Waze Women's Typography Short Sleeve Tee
GGOEGALB036517,Apparel,Google Women's Scoop Neck Tee Black
GGOEGALJ091015,Apparel,Google Women's Tee Grey
GGOEGAHB057414,Apparel,Google Men's Performance Polo Grey/Black
GGOEGATJ060516,Apparel,Google Women's Quilted Insulated Vest White
GGOEYAEA030513,Apparel,YouTube Womens 3/4 Sleeve Baseball Raglan White/Black
GGOEGADJ059716,Apparel,Google Men's Quilted Insulated Vest Battleship Grey
GGOEGAEJ030713,Apparel,Google Men's 3/4 Sleeve Raglan Henley Grey
GGOEAAAL081116,Apparel,Android Men's Pep Rally Short Sleeve Tee Navy
GGOEGAWR061053,Apparel,Google Onesie Red/Graphite
GGOEWAAJ083515,Waze,Waze Men's Typography Short Sleeve Tee
GGOEGAEB031516,Apparel,Google 3/4 Sleeve Raglan Badge Henley Black
GGOEGAEB031513,Apparel,Google 3/4 Sleeve Raglan Badge Henley Black
GGOEAAEB031213,Apparel,Android Heavyweight Long Sleeve Badge Tee Black
GGOEAAAJ034514,Apparel,Android Men's Vintage Tee
GGOEGAYL068126,Apparel,Google Youth Sports Tee Navy
GGOEAAWN062650,Apparel,Android Infant Short Sleeve Tee Pink
GGOEGALJ057914,Apparel,Google Women's Short Sleeve Performance Tee Charcoal
GGOEGALJ072915,Apparel,Google Women's Performance Hero Tee Gunmetal
GGOEGAPB057812,Apparel,Women's Performance Full Zip Jacket Black
GGOEGAXC065628,Apparel,Google Toddler Hoodie Royal Blue
GGOEYAEJ033515,Apparel,YouTube Men's Long Sleeve Pullover Badge Tee Heather
GGOEWALJ083416,Waze,Waze Women's Typography Short Sleeve Tee
GGOEYAEJ029014,Apparel,YouTube Women's Short Sleeve Hero Tee Charcoal
GGOEYAXQ089555,Apparel,YouTube Kids Tee White
GGOEGADB059216,Apparel,Google Men's Airflow 1/4 Zip Pullover Black
GGOEGAAJ059117,Apparel,Google Men's Short Sleeve Performance Badge Tee Pewter
GGOEGAAJ080713,Apparel,Google Men's Around The Block Short Sleeve Tee Ash
GGOEAAAB034913,Apparel,Android BTTF Moonshot Graphic Tee
GGOEAAAC080917,Apparel,Android Lifted Men's Short Sleeve Tee Blue
GGOEYAXB089655,Apparel,YouTube Kids Tee Black
GGOEYAXQ089528,Apparel,YouTube Kids Tee White
GGOEGAXP089328,Apparel,Google Flower Tee Purple
GGOEAAWT061750,Apparel,Android Onesie Gold
GGOEGALJ057916,Apparel,Google Women's Short Sleeve Performance Tee Charcoal
GGOEGAEH090612,Apparel,Google Tee Green
GGOEYALQ091914,Apparel,YouTube Women's Favorite Tee White
GGOEAHPB076113,Apparel,Android Stretch Fit Hat
GGOEGAWQ062248,Apparel,Google Infant Short Sleeve Tee White
GGOEYAEA035117,Apparel,YouTube Men's Vintage Henley
GGOEGAEB031514,Apparel,Google 3/4 Sleeve Raglan Badge Henley Black
GGOEGAEJ030714,Apparel,Google Men's 3/4 Sleeve Raglan Henley Grey
GGOEGAEJ030716,Apparel,Google Men's 3/4 Sleeve Raglan Henley Grey
GGOEGBMC073699,More Bags,Google Collapsible Duffel Blue
GGOEGAWC061248,Apparel,Google Onesie Royal Blue
GGOEGAXR066030,Apparel,Google Toddler Sports T-shirt Red
GGOEGAWH061354,Apparel,Google Onesie Green
GGOEGAHB057417,Apparel,Google Men's Performance Polo Grey/Black
GGOEWAAJ082817,Waze,Waze Men's Short Sleeve Tee
GGOEGAWC062149,Apparel,Google Infant Short Sleeve Tee Cornflower Blue
GGOEGAER033215,Apparel,Google Men's Long Sleeve Raglan Cranberry
GGOEGAQJ058716,Apparel,Google Women's Zip Hoodie Grey
GGOEGATB060614,Apparel,Google Women's Convertible Vest-Jacket Black
GGOEGALJ060117,Apparel,Google Women's Short Sleeve Performance Tee Pewter
GGOEAAAH083316,Android,Android Men's Paradise Short Sleeve Tee Olive
GGOEGAXP089329,Apparel,Google Flower Tee Purple
GGOEGAXR066055,Apparel,Google Toddler Sports T-shirt Red
GGOEYAEB031414,Apparel,YouTube Men's 3/4 Sleeve Henley
GGOEGAER035513,Apparel,Google Men's Vintage Tank
GGOEYAAJ033017,Apparel,YouTube Men's Long & Lean Tee Charcoal
GGOEAAWC061653,Apparel,Android Onesie Baby Blue
GGOEAAQB036116,Apparel,Android Women's Fleece Hoodie
GGOEGGCX092599,Gift Cards,Gift Card - $10.00
GGOEGAEL091312,Apparel,Google Crewneck Sweatshirt Navy
GGOEGAEJ033313,Apparel,Google Men's Long Sleeve Pullover Badge Tee Heather
GGOEGADB057313,Apparel,Google Men's Lightweight Microfleece Jacket Black
GGOEGAXT065428,Apparel,Google Toddler Short Sleeve T-shirt Yellow
GGOEGAXJ065730,Apparel,Google Toddler 1/4 Zip Fleece Pewter
GGOEGAYQ068926,Apparel,Google Youth Girl Hoodie
GGOEGAAJ073017,Apparel,Google Men's Performance Hero Tee Gunmetal
GGOEGAYH068456,Apparel,Google Youth Short Sleeve T-shirt Green
GGOEGAXP089355,Apparel,Google Flower Tee Purple
GGOEAAEH035217,Apparel,Android Men's Vintage Henley
GGOEAAEJ030917,Apparel,Android Women's Long Sleeve Blended Cardigan Grey
GGOEAAWC061648,Apparel,Android Onesie Baby Blue
GGOEGATB060617,Apparel,Google Women's Convertible Vest-Jacket Black
GGOEYAEA035116,Apparel,YouTube Men's Vintage Henley
GGOEYAEJ029017,Apparel,YouTube Women's Short Sleeve Hero Tee Charcoal
GGOEAAAJ032915,Apparel,Android Men's Skater Badge Tee Charcoal
GGOEAHPB076115,Apparel,Android Stretch Fit Hat
GGOEGARJ058414,Apparel,Google Women's Yoga Pants
GGOEAAEB031214,Apparel,Android Heavyweight Long Sleeve Badge Tee Black
GGOEGAAX0100,Gift Cards,Gift Card - $10.00
GGOEYAAJ033016,Apparel,YouTube Men's Long & Lean Tee Charcoal
GGOEYAXQ089529,Apparel,YouTube Kids Tee White
GGOEGALP034316,Apparel,Google Women's Vintage Hero Tee Lavender
GGOEAAAJ080813,Apparel,Android Men's Engineer Short Sleeve Tee Charcoal
GGOEYAEB030013,Apparel,YouTube Women's Racer Back Tank Black
GGOEGATB060216,Apparel,Google Women's 1/4 Zip Performance Pullover Black
GGOEGADJ057117,Apparel,Google Men's Performance 1/4 Zip Pullover Heather/Black
GGOEGAYT068524,Apparel,Google Youth Short Sleeve T-shirt Yellow
GGOEAAEJ029317,Apparel,Android Women's Short Sleeve Badge Tee Light Charcoal
GGOEGAWC062150,Apparel,Google Infant Short Sleeve Tee Cornflower Blue
GGOEGAYL068124,Apparel,Google Youth Sports Tee Navy
GGOEGAPB057515,Apparel,Women's Weatherblock Shell Jacket Black
GGOEGAEB091112,Apparel,Google Zip Hoodie Black
GGOEGAEB091113,Apparel,Google Zip Hoodie Black
GGOEGAEJ033316,Apparel,Google Men's Long Sleeve Pullover Badge Tee Heather
GGOEGAAC032116,Apparel,Google Men's Short Sleeve Hero Tee Light Blue
GGOEGAER029217,Apparel,Google Women's Short Sleeve Badge Tee Red Heather
GGOEYAEB035617,Apparel,YouTube Men's Vintage Tank
GGOEYAEA030516,Apparel,YouTube Womens 3/4 Sleeve Baseball Raglan White/Black
GGOEGAEJ033317,Apparel,Google Men's Long Sleeve Pullover Badge Tee Heather
GGOEGAWH062049,Apparel,Google Infant Short Sleeve Tee Green
GGOEGAEJ035317,Apparel,Google Vintage Henley Grey/Black
GGOEGADB059213,Apparel,Google Men's Airflow 1/4 Zip Pullover Black
GGOEGAPB057512,Apparel,Women's Weatherblock Shell Jacket Black
GGOEAALB091514,Apparel,Android Women's Peace Tee Black
GGOEAALJ091414,Apparel,Android Women's Dash Tee Grey
GGOEYAXR066130,Apparel,You Tube Toddler Short Sleeve Tee Red
GGOEAAWH061553,Apparel,Android Onesie Sprout Green
GGOEGAPB058617,Apparel,Google Women's Yoga Jacket Black
GGOEGARJ058416,Apparel,Google Women's Yoga Pants
GGOEGAQJ058715,Apparel,Google Women's Zip Hoodie Grey
GGOEGALB059917,Apparel,Google Women's Short Sleeve Performance Tee Black
GGOEGATH060717,Apparel,Google Women's Convertible Vest-Jacket Sea Foam Green
GGOEAAWH061550,Apparel,Android Onesie Sprout Green
GGOEGAXT065430,Apparel,Google Toddler Short Sleeve T-shirt Yellow
GGOEYAXR066128,Apparel,You Tube Toddler Short Sleeve Tee Red
GGOEAAAJ034515,Apparel,Android Men's Vintage Tee
GGOEAAAQ032016,Apparel,Android Men's Short Sleeve Hero Tee White
GGOEYALQ091913,Apparel,YouTube Women's Favorite Tee White
GGOEGAEB091117,Apparel,Google Zip Hoodie Black
GGOEAHPB080210,Apparel,Android 5-Panel Low Cap
GGOEGAPB057516,Apparel,Women's Weatherblock Shell Jacket Black
GGOEGALJ057913,Apparel,Google Women's Short Sleeve Performance Tee Charcoal
GGOEGAPB057615,Apparel,Google Women's Softshell Jacket Black/Grey
GGOEGAYT068526,Apparel,Google Youth Short Sleeve T-shirt Yellow
GGOEYAAQ031716,Apparel,YouTube Men's Short Sleeve Hero Tee White
GGOEAHPJ004415,Headgear,Android Stretch Fit Hat L/XL
GGOEAAEB030216,Apparel,Android Women's Racer Back Tank Black
GGOEGALB059916,Apparel,Google Women's Short Sleeve Performance Tee Black
GGOEGALL060013,Apparel,Google Women's Short Sleeve Performance Tee Navy
GGOEGALL060014,Apparel,Google Women's Short Sleeve Performance Tee Navy
GGOEGAAQ057217,Apparel,Google Men's Colorblock Tee White/Heather
GGOEGAXL089429,Apparel,Google Protector Tee Navy
GGOEGAAJ073013,Apparel,Google Men's Performance Hero Tee Gunmetal
GGOEWAAJ083513,Waze,Waze Men's Typography Short Sleeve Tee
GGOEAAEJ029313,Apparel,Android Women's Short Sleeve Badge Tee Light Charcoal
GGOEAAAB034817,Apparel,Android BTTF Cosmos Graphic Tee
GGOEGALL074617,Apparel,Google Women's Short Sleeve Badge Tee Navy
GGOEAAEB031615,Apparel,Android Men's 3/4 Sleeve Raglan Henley Black
GGOEAAAJ031916,Apparel,Android Men's Short Sleeve Hero Tee Heather
GGOEGAAH034013,Apparel,Google Men's Vintage Badge Tee Sage
GGOEGAPJ058017,Apparel,Google Women's 1/4 Zip Jacket Charcoal
GGOEAAAJ034513,Apparel,Android Men's Vintage Tee
GGOEAAEB031613,Apparel,Android Men's 3/4 Sleeve Raglan Henley Black
GGOEAAEB031616,Apparel,Android Men's 3/4 Sleeve Raglan Henley Black
GGOEGAAJ073014,Apparel,Google Men's Performance Hero Tee Gunmetal
GGOEAAWC062449,Apparel,Android Infant Short Sleeve Tee Aqua
GGOEYAWR062348,Apparel,YouTube Infant Short Sleeve Tee Red
GGOEAAFB035916,Apparel,Android Men's  Zip Hoodie
GGOEGAEE031014,Apparel,Google Men's Heavyweight Long Sleeve Hero Tee Burgundy
GGOEGALL060015,Apparel,Google Women's Short Sleeve Performance Tee Navy
GGOEGALL093216,Apparel,Google Women's Coder Tee Navy
GGOEGAET090512,Apparel,Google Tee Yellow
GGOEGAYH068426,Apparel,Google Youth Short Sleeve T-shirt Green
GGOEGATB060616,Apparel,Google Women's Convertible Vest-Jacket Black
GGOEGAYC068325,Apparel,Google Youth Short Sleeve T-shirt Royal Blue
GGOEAAWQ063048,Apparel,Android Baby Esssentials Set
GGOEAAWQ063049,Apparel,Android Baby Esssentials Set
GGOEGADB056713,Apparel,Men's Softshell Jacket Black/Grey
GGOEAAEQ091613,Apparel,Android Matrix Tee White
GGOEGAER029216,Apparel,Google Women's Short Sleeve Badge Tee Red Heather
GGOEAAEJ029314,Apparel,Android Women's Short Sleeve Badge Tee Light Charcoal
GGOEYAEJ029016,Apparel,YouTube Women's Short Sleeve Hero Tee Charcoal
GGOEAAQB036113,Apparel,Android Women's Fleece Hoodie
GGOEGAXJ065530,Apparel,Google Toddler Short Sleeve T-shirt Grey
GGOEGAXL089428,Apparel,Google Protector Tee Navy
GGOEAAEB091713,Apparel,Android Tone Hoodie Black
GGOEGAPB057613,Apparel,Google Women's Softshell Jacket Black/Grey
GGOEGAHB057418,Apparel,Google Men's Performance Polo Grey/Black
GGOEGALJ060113,Apparel,Google Women's Short Sleeve Performance Tee Pewter
GGOEGATB060418,Apparel,Google Women's Quilted Insulated Vest Black
GGOEAAAQ032014,Apparel,Android Men's Short Sleeve Hero Tee White
GGOEGAEB090912,Apparel,Google Braille Tee Black
GGOEGAEB090916,Apparel,Google Braille Tee Black
GGOEGALJ060116,Apparel,Google Women's Short Sleeve Performance Tee Pewter
GGOEAAEC029416,Apparel,Android Women's Short Sleeve Tri-blend Badge Tee Light Blue
GGOEGAEL031113,Apparel,Google Men's Heavyweight Long Sleeve Hero Tee Navy
GGOEGAEL031114,Apparel,Google Men's Heavyweight Long Sleeve Hero Tee Navy
GGOEGAEL031115,Apparel,Google Men's Heavyweight Long Sleeve Hero Tee Navy
GGOEGAEL031116,Apparel,Google Men's Heavyweight Long Sleeve Hero Tee Navy
GGOEGAEL031117,Apparel,Google Men's Heavyweight Long Sleeve Hero Tee Navy
GGOEAAEB030213,Apparel,Android Women's Racer Back Tank Black
GGOEGALH036716,Apparel,Google Women's Scoop Neck Tee Green
GGOEYAEB030016,Apparel,YouTube Women's Racer Back Tank Black
GGOEGAXH065328,Apparel,Google Toddler Short Sleeve T-shirt Green
GGOEGAEE031013,Apparel,Google Men's Heavyweight Long Sleeve Hero Tee Burgundy
GGOEGAAJ080717,Apparel,Google Men's Around The Block Short Sleeve Tee Ash
GGOEGAEJ028917,Apparel,Google Women's Short Sleeve Hero Dark Grey
GGOEGAEB090914,Apparel,Google Braille Tee Black
GGOEGATC060316,Apparel,Google Women's 1/4 Zip Performance Pullover Two-Tone Blue
GGOEAALB091515,Apparel,Android Women's Peace Tee Black
GGOEAAEQ091617,Apparel,Android Matrix Tee White
GGOEYALQ091915,Apparel,YouTube Women's Favorite Tee White
GGOEAAEQ091615,Apparel,Android Matrix Tee White
GGOEGALL060017,Apparel,Google Women's Short Sleeve Performance Tee Navy
GGOEGATB060217,Apparel,Google Women's 1/4 Zip Performance Pullover Black
GGOEGATB060615,Apparel,Google Women's Convertible Vest-Jacket Black
GGOEGATJ060514,Apparel,Google Women's Quilted Insulated Vest White
GGOEGALJ057915,Apparel,Google Women's Short Sleeve Performance Tee Charcoal
GGOEGAXT065455,Apparel,Google Toddler Short Sleeve T-shirt Yellow
GGOEYAEA030514,Apparel,YouTube Womens 3/4 Sleeve Baseball Raglan White/Black
GGOEGAYT068525,Apparel,Google Youth Short Sleeve T-shirt Yellow
GGOEYAEB035613,Apparel,YouTube Men's Vintage Tank
GGOEGAYL068156,Apparel,Google Youth Sports Tee Navy
GGOEAAEJ035717,Apparel,Android Men's Vintage Tank
GGOEAAEJ029315,Apparel,Android Women's Short Sleeve Badge Tee Light Charcoal
GGOEGALP034317,Apparel,Google Women's Vintage Hero Tee Lavender
GGOEGADJ059813,Apparel,Google Men's Convertible Vest-Jacket Pewter
GGOEGALL060016,Apparel,Google Women's Short Sleeve Performance Tee Navy
GGOEGAXH065355,Apparel,Google Toddler Short Sleeve T-shirt Green
GGOEYAXB089629,Apparel,YouTube Kids Tee Black
GGOEGALJ072916,Apparel,Google Women's Performance Hero Tee Gunmetal
GGOEGAAL059013,Apparel,Google Men's Short Sleeve Performance Badge Tee Navy
GGOEGAUB058312,Apparel,Google Women's Performance Polo Grey/Black
GGOEGAUB058313,Apparel,Google Women's Performance Polo Grey/Black
GGOEGAUB058314,Apparel,Google Women's Performance Polo Grey/Black
GGOEGAUB058315,Apparel,Google Women's Performance Polo Grey/Black
GGOEGAUB058316,Apparel,Google Women's Performance Polo Grey/Black
GGOEGAUB058317,Apparel,Google Women's Performance Polo Grey/Black
GGOEAAWC061649,Apparel,Android Onesie Baby Blue
GGOEAAWC061650,Apparel,Android Onesie Baby Blue
GGOEAAWC061654,Apparel,Android Onesie Baby Blue
GGOEAAWH061549,Apparel,Android Onesie Sprout Green
GGOEAAWH061554,Apparel,Android Onesie Sprout Green
GGOEGAAQ057215,Apparel,Google Men's Colorblock Tee White/Heather
GGOEGAUC057717,Apparel,Google Women's Performance Golf Polo Blue
GGOEGAPB057517,Apparel,Women's Weatherblock Shell Jacket Black
GGOEGAWC061949,Apparel,Google Infant Short Sleeve Tee Royal Blue
GGOEGAWC061950,Apparel,Google Infant Short Sleeve Tee Royal Blue
GGOEAAAH083317,Android,Android Men's Paradise Short Sleeve Tee Olive
GGOEGALL093214,Apparel,Google Women's Coder Tee Navy
GGOEYAEB030014,Apparel,YouTube Women's Racer Back Tank Black
GGOEAAEJ033416,Apparel,Android Men's Long Sleeve Badge Crew Tee Heather
GGOEYAWQ089753,Apparel,YouTube Kids Onesie White
GGOEWAAJ082813,Waze,Waze Men's Short Sleeve Tee
GGOEGARJ058415,Apparel,Google Women's Yoga Pants
GGOEGAHB057413,Apparel,Google Men's Performance Polo Grey/Black
GGOEAAEB091718,Apparel,Android Tone Hoodie Black
GGOEGAXP089330,Apparel,Google Flower Tee Purple
GGOEGALJ072913,Apparel,Google Women's Performance Hero Tee Gunmetal
GGOEGADJ059815,Apparel,Google Men's Convertible Vest-Jacket Pewter
GGOEAALJ091413,Apparel,Android Women's Dash Tee Grey
GGOEAAEQ091612,Apparel,Android Matrix Tee White
GGOEWALJ083413,Waze,Waze Women's Typography Short Sleeve Tee
GGOEGALQ058116,Apparel,Google Women's Colorblock Tee White
GGOEGAXB089230,Apparel,Google Trike Tee Black
GGOEGAWR061154,Apparel,Google Onesie Red
GGOEGAEB090915,Apparel,Google Braille Tee Black
GGOEYAXB089630,Apparel,YouTube Kids Tee Black
GGOEGAEC090712,Apparel,Google Tee Blue
GGOEGAAJ057018,Apparel,Google Men's Short Sleeve Performance Badge Tee Charcoal
GGOEGAXL089430,Apparel,Google Protector Tee Navy
GGOEAAEB091712,Apparel,Android Tone Hoodie Black
GGOEGAEB090917,Apparel,Google Braille Tee Black
GGOEGAXR066029,Apparel,Google Toddler Sports T-shirt Red
GGOEGAEB090913,Apparel,Google Braille Tee Black
GGOEGAER090414,Apparel,Google Tee Red
GGOEWAAJ083517,Waze,Waze Men's Typography Short Sleeve Tee
GGOEGALJ057917,Apparel,Google Women's Short Sleeve Performance Tee Charcoal
GGOEGATC060317,Apparel,Google Women's 1/4 Zip Performance Pullover Two-Tone Blue
GGOEYAEB091818,Apparel,YouTube Tee Black
GGOEGATJ060517,Apparel,Google Women's Quilted Insulated Vest White
GGOEAAEQ091618,Apparel,Android Matrix Tee White
GGOEGAET090516,Apparel,Google Tee Yellow
GGOEYAEJ092118,Apparel,YouTube 3 lines Tee Grey
GGOEGAWH062048,Apparel,Google Infant Short Sleeve Tee Green
GGOEGAEB091118,Apparel,Google Zip Hoodie Black
GGOEGOCJ093999,Office,Google Large Standard Journal Grey
